{"14:07:35.236522": 15, "14:14:21.259395": 123, "14:07:39.341935": 22, "14:07:42.762941": 1, "14:19:54.065081": 100, "14:19:47.249793": 99, "14:14:04.861161": 32, "14:07:22.727628": 33}