{"10:57:30.411492": 923.0, "11:00:00.299814": 1178.0, "11:04:19.272024": 1836.0, "10:58:31.661613": 1074.0, "11:02:54.692307": 1635.0, "10:58:50.329453": 1012.0, "11:05:05.162763": 1823.0, "11:00:42.213186": 1308.0, "11:01:51.420434": 1589.0, "11:05:15.805618": 1825.0, "11:02:12.722370": 1589.0, "10:59:06.982877": 1113.0, "11:02:40.072444": 1573.0, "11:01:38.785867": 1522.0, "10:58:10.362675": 1086.0, "11:00:25.575760": 1286.0, "11:00:58.867250": 1326.0, "11:00:14.948011": 1264.0, "11:05:34.440146": 1809.0, "11:03:11.335011": 1704.0, "10:57:49.083535": 1052.0, "11:02:02.049699": 1577.0, "11:01:28.160181": 1500.0, "10:58:21.006842": 1092.0, "11:03:37.966930": 1733.0, "10:57:59.737603": 1063.0, "10:59:39.655677": 1124.0, "11:01:13.524686": 1403.0, "11:04:48.531783": 1869.0, "11:04:33.892377": 1827.0, "11:02:23.377769": 1508.0, "11:04:08.616465": 1849.0}