{"10:29:46.271994": 930.0, "10:29:43.652471": 956.0}